GREEN,,,,Blue,,,,Dotted,,,
Input_IP,Input_port,Output_IP,Output_Port,Input_IP,Input_port,Output_IP,Output_Port,Input_IP,Input_port,Output_IP,Output_Port
10.0.0.1,41,10.0.1.1,60,10.0.2.1,152,10.0.3.1,60,10.0.4.1,301,10.0.5.1,60
10.0.0.2,42,10.0.1.2,60,10.0.2.2,153,10.0.3.2,60,10.0.4.2,302,10.0.5.2,60
10.0.0.3,43,10.0.1.3,60,10.0.2.3,154,10.0.3.3,60,10.0.4.3,303,10.0.5.3,60
10.0.0.4,44,10.0.1.4,60,10.0.2.4,155,10.0.3.4,60,10.0.4.4,304,10.0.5.4,60
10.0.0.5,45,10.0.1.5,60,10.0.2.5,156,10.0.3.5,60,10.0.4.5,305,10.0.5.5,60
10.0.0.6,46,10.0.1.6,60,10.0.2.6,157,10.0.3.6,60,10.0.4.6,306,10.0.5.6,60
10.0.0.7,47,10.0.1.7,60,10.0.2.7,158,10.0.3.7,60,10.0.4.7,307,10.0.5.7,60
10.0.0.8,48,10.0.1.8,60,10.0.2.8,159,10.0.3.8,60,10.0.4.8,308,10.0.5.8,60
10.0.0.9,49,10.0.1.9,60,10.0.2.9,160,10.0.3.9,60,10.0.4.9,309,10.0.5.9,60
10.0.0.10,50,10.0.1.10,60,10.0.2.10,161,10.0.3.10,60,10.0.4.10,310,10.0.5.10,60
10.0.0.11,51,10.0.1.11,60,10.0.2.11,162,10.0.3.11,60,10.0.4.11,311,10.0.5.11,60
10.0.0.12,52,10.0.1.12,60,10.0.2.12,163,10.0.3.12,60,10.0.4.12,312,10.0.5.12,60
10.0.0.13,53,10.0.1.13,60,10.0.2.13,164,10.0.3.13,60,10.0.4.13,313,10.0.5.13,60
10.0.0.14,54,10.0.1.14,60,10.0.2.14,165,10.0.3.14,60,10.0.4.14,314,10.0.5.14,60
10.0.0.15,55,10.0.1.15,60,10.0.2.15,166,10.0.3.15,60,10.0.4.15,315,10.0.5.15,60
10.0.0.16,56,10.0.1.16,60,10.0.2.16,167,10.0.3.16,60,10.0.4.16,316,10.0.5.16,60
10.0.0.17,57,10.0.1.17,60,10.0.2.17,168,10.0.3.17,60,10.0.4.17,317,10.0.5.17,60
10.0.0.18,58,10.0.1.18,60,10.0.2.18,169,10.0.3.18,60,10.0.4.18,318,10.0.5.18,60
10.0.0.19,59,10.0.1.19,60,10.0.2.19,170,10.0.3.19,60,10.0.4.19,319,10.0.5.19,60
10.0.0.20,60,10.0.1.20,60,10.0.2.20,171,10.0.3.20,60,10.0.4.20,320,10.0.5.20,60
10.0.0.21,61,10.0.1.21,60,10.0.2.21,172,10.0.3.21,60,10.0.4.21,321,10.0.5.21,60
10.0.0.22,62,10.0.1.22,60,10.0.2.22,173,10.0.3.22,60,10.0.4.22,322,10.0.5.22,60
10.0.0.23,63,10.0.1.23,60,10.0.2.23,174,10.0.3.23,60,10.0.4.23,323,10.0.5.23,60
10.0.0.24,64,10.0.1.24,60,10.0.2.24,175,10.0.3.24,60,10.0.4.24,324,10.0.5.24,60
10.0.0.25,65,10.0.1.25,60,10.0.2.25,176,10.0.3.25,60,10.0.4.25,325,10.0.5.25,60
10.0.0.26,66,10.0.1.26,60,10.0.2.26,177,10.0.3.26,60,10.0.4.26,326,10.0.5.26,60
10.0.0.27,67,10.0.1.27,60,10.0.2.27,178,10.0.3.27,60,10.0.4.27,327,10.0.5.27,60
10.0.0.28,68,10.0.1.28,60,10.0.2.28,179,10.0.3.28,60,10.0.4.28,328,10.0.5.28,60
10.0.0.29,69,10.0.1.29,60,10.0.2.29,180,10.0.3.29,60,10.0.4.29,329,10.0.5.29,60
10.0.0.30,70,10.0.1.30,60,10.0.2.30,181,10.0.3.30,60,10.0.4.30,330,10.0.5.30,60
10.0.0.31,71,10.0.1.31,60,10.0.2.31,182,10.0.3.31,60,10.0.4.31,331,10.0.5.31,60
10.0.0.32,72,10.0.1.32,60,10.0.2.32,183,10.0.3.32,60,10.0.4.32,332,10.0.5.32,60
10.0.0.33,73,10.0.1.33,60,10.0.2.33,184,10.0.3.33,60,10.0.4.33,333,10.0.5.33,60
10.0.0.34,74,10.0.1.34,70,10.0.2.34,185,10.0.3.34,60,10.0.4.34,334,10.0.5.34,60
10.0.0.35,75,10.0.1.35,70,10.0.2.35,186,10.0.3.35,60,10.0.4.35,335,10.0.5.35,60
10.0.0.36,76,10.0.1.36,70,10.0.2.36,187,10.0.3.36,60,10.0.4.36,336,10.0.5.36,60
10.0.0.37,77,10.0.1.37,70,10.0.2.37,188,10.0.3.37,60,10.0.4.37,337,10.0.5.37,60
10.0.0.38,78,10.0.1.38,70,10.0.2.38,189,10.0.3.38,60,10.0.4.38,338,10.0.5.38,60
10.0.0.39,79,10.0.1.39,70,10.0.2.39,190,10.0.3.39,60,10.0.4.39,339,10.0.5.39,60
10.0.0.40,80,10.0.1.40,70,10.0.2.40,191,10.0.3.40,60,10.0.4.40,340,10.0.5.40,60
10.0.0.41,81,10.0.1.41,70,10.0.2.41,192,10.0.3.41,60,10.0.4.41,341,10.0.5.41,60
10.0.0.42,82,10.0.1.42,70,10.0.2.42,193,10.0.3.42,60,10.0.4.42,342,10.0.5.42,60
10.0.0.43,83,10.0.1.43,70,10.0.2.43,194,10.0.3.43,60,10.0.4.43,343,10.0.5.43,60
10.0.0.44,84,10.0.1.44,70,10.0.2.44,195,10.0.3.44,60,10.0.4.44,344,10.0.5.44,60
10.0.0.45,85,10.0.1.45,70,10.0.2.45,196,10.0.3.45,60,10.0.4.45,345,10.0.5.45,60
10.0.0.46,86,10.0.1.46,70,10.0.2.46,197,10.0.3.46,60,10.0.4.46,346,10.0.5.46,60
10.0.0.47,87,10.0.1.47,70,10.0.2.47,198,10.0.3.47,60,10.0.4.47,347,10.0.5.47,60
10.0.0.48,88,10.0.1.48,70,10.0.2.48,199,10.0.3.48,60,10.0.4.48,348,10.0.5.48,60
10.0.0.49,89,10.0.1.49,70,10.0.2.49,200,10.0.3.49,60,10.0.4.49,349,10.0.5.49,60
10.0.0.50,90,10.0.1.50,70,10.0.2.50,201,10.0.3.50,60,10.0.4.50,350,10.0.5.50,60
10.0.0.51,91,10.0.1.51,70,10.0.2.51,202,10.0.3.51,70,10.0.4.51,351,10.0.5.51,60
10.0.0.52,92,10.0.1.52,70,10.0.2.52,203,10.0.3.52,70,10.0.4.52,352,10.0.5.52,60
10.0.0.53,93,10.0.1.53,70,10.0.2.53,204,10.0.3.53,70,10.0.4.53,353,10.0.5.53,60
10.0.0.54,94,10.0.1.54,70,10.0.2.54,205,10.0.3.54,70,10.0.4.54,354,10.0.5.54,60
10.0.0.55,95,10.0.1.55,70,10.0.2.55,206,10.0.3.55,70,10.0.4.55,355,10.0.5.55,60
10.0.0.56,96,10.0.1.56,70,10.0.2.56,207,10.0.3.56,70,10.0.4.56,356,10.0.5.56,60
10.0.0.57,97,10.0.1.57,70,10.0.2.57,208,10.0.3.57,70,10.0.4.57,357,10.0.5.57,60
10.0.0.58,98,10.0.1.58,70,10.0.2.58,209,10.0.3.58,70,10.0.4.58,358,10.0.5.58,60
10.0.0.59,99,10.0.1.59,70,10.0.2.59,210,10.0.3.59,70,10.0.4.59,359,10.0.5.59,60
10.0.0.60,100,10.0.1.60,70,10.0.2.60,211,10.0.3.60,70,10.0.4.60,360,10.0.5.60,60
10.0.0.61,101,10.0.1.61,70,10.0.2.61,212,10.0.3.61,70,10.0.4.61,361,10.0.5.61,80
10.0.0.62,102,10.0.1.62,70,10.0.2.62,213,10.0.3.62,70,10.0.4.62,362,10.0.5.62,80
10.0.0.63,103,10.0.1.63,70,10.0.2.63,214,10.0.3.63,70,10.0.4.63,363,10.0.5.63,80
10.0.0.64,104,10.0.1.64,70,10.0.2.64,215,10.0.3.64,70,10.0.4.64,364,10.0.5.64,80
10.0.0.65,105,10.0.1.65,70,10.0.2.65,216,10.0.3.65,70,10.0.4.65,365,10.0.5.65,80
10.0.0.66,106,10.0.1.66,70,10.0.2.66,217,10.0.3.66,70,10.0.4.66,366,10.0.5.66,80
10.0.0.67,107,10.0.1.67,70,10.0.2.67,218,10.0.3.67,70,10.0.4.67,367,10.0.5.67,80
10.0.0.68,108,10.0.1.68,70,10.0.2.68,219,10.0.3.68,70,10.0.4.68,368,10.0.5.68,80
10.0.0.69,109,10.0.1.69,70,10.0.2.69,220,10.0.3.69,70,10.0.4.69,369,10.0.5.69,80
10.0.0.70,110,10.0.1.70,70,10.0.2.70,221,10.0.3.70,70,10.0.4.70,370,10.0.5.70,80
10.0.0.71,111,10.0.1.71,70,10.0.2.71,222,10.0.3.71,70,10.0.4.71,371,10.0.5.71,80
10.0.0.72,112,10.0.1.72,70,10.0.2.72,223,10.0.3.72,70,10.0.4.72,372,10.0.5.72,80
10.0.0.73,113,10.0.1.73,70,10.0.2.73,224,10.0.3.73,70,10.0.4.73,373,10.0.5.73,80
10.0.0.74,114,10.0.1.74,70,10.0.2.74,225,10.0.3.74,70,10.0.4.74,374,10.0.5.74,80
10.0.0.75,115,10.0.1.75,70,10.0.2.75,226,10.0.3.75,70,10.0.4.75,375,10.0.5.75,80
10.0.0.76,116,10.0.1.76,80,10.0.2.76,227,10.0.3.76,70,10.0.4.76,376,10.0.5.76,80
10.0.0.77,117,10.0.1.77,80,10.0.2.77,228,10.0.3.77,70,10.0.4.77,377,10.0.5.77,80
10.0.0.78,118,10.0.1.78,80,10.0.2.78,229,10.0.3.78,70,10.0.4.78,378,10.0.5.78,80
10.0.0.79,119,10.0.1.79,80,10.0.2.79,230,10.0.3.79,70,10.0.4.79,379,10.0.5.79,80
10.0.0.80,120,10.0.1.80,80,10.0.2.80,231,10.0.3.80,70,10.0.4.80,380,10.0.5.80,80
10.0.0.81,121,10.0.1.81,80,10.0.2.81,232,10.0.3.81,70,10.0.4.81,381,10.0.5.81,80
10.0.0.82,122,10.0.1.82,80,10.0.2.82,233,10.0.3.82,70,10.0.4.82,382,10.0.5.82,80
10.0.0.83,123,10.0.1.83,80,10.0.2.83,234,10.0.3.83,70,10.0.4.83,383,10.0.5.83,80
10.0.0.84,124,10.0.1.84,80,10.0.2.84,235,10.0.3.84,70,10.0.4.84,384,10.0.5.84,80
10.0.0.85,125,10.0.1.85,80,10.0.2.85,236,10.0.3.85,70,10.0.4.85,385,10.0.5.85,80
10.0.0.86,126,10.0.1.86,80,10.0.2.86,237,10.0.3.86,70,10.0.4.86,386,10.0.5.86,80
10.0.0.87,127,10.0.1.87,80,10.0.2.87,238,10.0.3.87,70,10.0.4.87,387,10.0.5.87,80
10.0.0.88,128,10.0.1.88,80,10.0.2.88,239,10.0.3.88,70,10.0.4.88,388,10.0.5.88,80
10.0.0.89,129,10.0.1.89,80,10.0.2.89,240,10.0.3.89,70,10.0.4.89,389,10.0.5.89,80
10.0.0.90,130,10.0.1.90,80,10.0.2.90,241,10.0.3.90,70,10.0.4.90,390,10.0.5.90,80
10.0.0.91,131,10.0.1.91,80,10.0.2.91,242,10.0.3.91,70,10.0.4.91,391,10.0.5.91,80
10.0.0.92,132,10.0.1.92,80,10.0.2.92,243,10.0.3.92,70,10.0.4.92,392,10.0.5.92,80
10.0.0.93,133,10.0.1.93,80,10.0.2.93,244,10.0.3.93,70,10.0.4.93,393,10.0.5.93,80
10.0.0.94,134,10.0.1.94,80,10.0.2.94,245,10.0.3.94,70,10.0.4.94,394,10.0.5.94,80
10.0.0.95,135,10.0.1.95,80,10.0.2.95,246,10.0.3.95,70,10.0.4.95,395,10.0.5.95,80
10.0.0.96,136,10.0.1.96,80,10.0.2.96,247,10.0.3.96,70,10.0.4.96,396,10.0.5.96,80
10.0.0.97,137,10.0.1.97,80,10.0.2.97,248,10.0.3.97,70,10.0.4.97,397,10.0.5.97,80
10.0.0.98,138,10.0.1.98,80,10.0.2.98,249,10.0.3.98,70,10.0.4.98,398,10.0.5.98,80
10.0.0.99,139,10.0.1.99,80,10.0.2.99,250,10.0.3.99,70,10.0.4.99,399,10.0.5.99,80
10.0.0.100,140,10.0.1.100,80,10.0.2.100,251,10.0.3.100,70,10.0.4.100,400,10.0.5.100,80
10.0.0.101,141,10.0.1.101,80,10.0.2.101,252,10.0.3.101,70,10.0.4.101,401,10.0.5.101,70
10.0.0.102,142,10.0.1.102,80,10.0.2.102,253,10.0.3.102,70,10.0.4.102,402,10.0.5.102,70
10.0.0.103,143,10.0.1.103,80,10.0.2.103,254,10.0.3.103,70,10.0.4.103,403,10.0.5.103,70
10.0.0.104,144,10.0.1.104,80,10.0.2.104,255,10.0.3.104,70,10.0.4.104,404,10.0.5.104,70
10.0.0.105,145,10.0.1.105,80,10.0.2.105,256,10.0.3.105,80,10.0.4.105,405,10.0.5.105,70
10.0.0.106,146,10.0.1.106,80,10.0.2.106,257,10.0.3.106,80,10.0.4.106,406,10.0.5.106,70
10.0.0.107,147,10.0.1.107,80,10.0.2.107,258,10.0.3.107,80,10.0.4.107,407,10.0.5.107,70
10.0.0.108,148,10.0.1.108,80,10.0.2.108,259,10.0.3.108,80,10.0.4.108,408,10.0.5.108,70
10.0.0.109,149,10.0.1.109,80,10.0.2.109,260,10.0.3.109,80,10.0.4.109,409,10.0.5.109,70
10.0.0.110,150,10.0.1.110,80,10.0.2.110,261,10.0.3.110,80,10.0.4.110,410,10.0.5.110,70
10.0.0.111,151,10.0.1.111,80,10.0.2.111,262,10.0.3.111,80,10.0.4.111,411,10.0.5.111,70
,,,,10.0.2.112,263,10.0.3.112,80,10.0.4.112,412,10.0.5.112,70
,,,,10.0.2.113,264,10.0.3.113,80,10.0.4.113,413,10.0.5.113,70
,,,,10.0.2.114,265,10.0.3.114,80,10.0.4.114,414,10.0.5.114,70
,,,,10.0.2.115,266,10.0.3.115,80,10.0.4.115,415,10.0.5.115,70
,,,,10.0.2.116,267,10.0.3.116,80,10.0.4.116,416,10.0.5.116,70
,,,,10.0.2.117,268,10.0.3.117,80,10.0.4.117,417,10.0.5.117,70
,,,,10.0.2.118,269,10.0.3.118,80,10.0.4.118,418,10.0.5.118,70
,,,,10.0.2.119,270,10.0.3.119,80,10.0.4.119,419,10.0.5.119,70
,,,,10.0.2.120,271,10.0.3.120,80,10.0.4.120,420,10.0.5.120,70
,,,,10.0.2.121,272,10.0.3.121,80,10.0.4.121,421,10.0.5.121,70
,,,,10.0.2.122,273,10.0.3.122,80,10.0.4.122,422,10.0.5.122,70
,,,,10.0.2.123,274,10.0.3.123,80,10.0.4.123,423,10.0.5.123,70
,,,,10.0.2.124,275,10.0.3.124,80,10.0.4.124,424,10.0.5.124,70
,,,,10.0.2.125,276,10.0.3.125,80,10.0.4.125,425,10.0.5.125,70
,,,,10.0.2.126,277,10.0.3.126,80,10.0.4.126,426,10.0.5.126,70
,,,,10.0.2.127,278,10.0.3.127,80,10.0.4.127,427,10.0.5.127,70
,,,,10.0.2.128,279,10.0.3.128,80,10.0.4.128,428,10.0.5.128,70
,,,,10.0.2.129,280,10.0.3.129,80,10.0.4.129,429,10.0.5.129,70
,,,,10.0.2.130,281,10.0.3.130,80,10.0.4.130,430,10.0.5.130,70
,,,,10.0.2.131,282,10.0.3.131,80,10.0.4.131,431,10.0.5.131,70
,,,,10.0.2.132,283,10.0.3.132,80,10.0.4.132,432,10.0.5.132,70
,,,,10.0.2.133,284,10.0.3.133,80,10.0.4.133,433,10.0.5.133,70
,,,,10.0.2.134,285,10.0.3.134,80,10.0.4.134,434,10.0.5.134,70
,,,,10.0.2.135,286,10.0.3.135,80,10.0.4.135,435,10.0.5.135,70
,,,,10.0.2.136,287,10.0.3.136,80,10.0.4.136,436,10.0.5.136,70
,,,,10.0.2.137,288,10.0.3.137,80,10.0.4.137,437,10.0.5.137,70
,,,,10.0.2.138,289,10.0.3.138,80,10.0.4.138,438,10.0.5.138,70
,,,,10.0.2.139,290,10.0.3.139,80,10.0.4.139,439,10.0.5.139,70
,,,,10.0.2.140,291,10.0.3.140,80,10.0.4.140,440,10.0.5.140,70
,,,,10.0.2.141,292,10.0.3.141,80,10.0.4.141,441,10.0.5.141,70
,,,,10.0.2.142,293,10.0.3.142,80,10.0.4.142,442,10.0.5.142,70
,,,,10.0.2.143,294,10.0.3.143,80,10.0.4.143,443,10.0.5.143,70
,,,,10.0.2.144,295,10.0.3.144,80,10.0.4.144,444,10.0.5.144,70
,,,,10.0.2.145,296,10.0.3.145,80,10.0.4.145,445,10.0.5.145,70
,,,,10.0.2.146,297,10.0.3.146,80,10.0.4.146,446,10.0.5.146,70
,,,,10.0.2.147,298,10.0.3.147,80,10.0.4.147,447,10.0.5.147,70
,,,,10.0.2.148,299,10.0.3.148,80,10.0.4.148,448,10.0.5.148,70
,,,,10.0.2.149,300,10.0.3.149,80,10.0.4.149,449,10.0.5.149,70
,,,,,,,,10.0.4.150,450,10.0.5.150,70
,,,,,,,,10.0.4.151,451,10.0.5.151,70
,,,,,,,,10.0.4.152,452,10.0.5.152,70
,,,,,,,,10.0.4.153,453,10.0.5.153,70
,,,,,,,,10.0.4.154,454,10.0.5.154,70
,,,,,,,,10.0.4.155,455,10.0.5.155,70
,,,,,,,,10.0.4.156,456,10.0.5.156,70
,,,,,,,,10.0.4.157,457,10.0.5.157,70
,,,,,,,,10.0.4.158,458,10.0.5.158,70
,,,,,,,,10.0.4.159,459,10.0.5.159,70
,,,,,,,,10.0.4.160,460,10.0.5.160,70
,,,,,,,,10.0.4.161,461,10.0.5.161,70
,,,,,,,,10.0.4.162,462,10.0.5.162,70
,,,,,,,,10.0.4.163,463,10.0.5.163,70
,,,,,,,,10.0.4.164,464,10.0.5.164,70
,,,,,,,,10.0.4.165,465,10.0.5.165,70
,,,,,,,,10.0.4.166,466,10.0.5.166,70
